VideoID,Start,End,WorkerID,Source,AnnotationTime,Language,Description

WWf0Z6ak3Dg,5,15,878566,clean,27,Chinese,一 只 斗牛犬 正在 院子 里 追逐 一 只 蓝色 的 大 球 。

DBvSfds3FH4,76,80,682611,clean,37,Chinese,一个 女人 正在 揉面团 。

Ms3QdGIzltU,1,16,772960,clean,173,Chinese,一 只 棕色 仓鼠 正 吃 着 一些 蛋壳 放 在 桌子 上 。

nS6oQxX_Qi8,2,12,682611,clean,61,Chinese,一个 年轻人 正在 吹 小号 。

pDvzOLRLjPc,0,8,702553,unverified,159,Chinese,一个 人 在 用 奶瓶 喂 小熊猫 喝奶 。

LQ-jv8g1YVI,1,6,760882,clean,21,Chinese,猫 在 机器人 上 。

kquB3rIgfGk,640,645,702553,unverified,25,Chinese,一个 男人 正在 喝 水 。

BVjvRpmHg0w,157,165,550906,clean,46,Chinese,一个 女人 正在 切花 椰菜 。

QzcTlEpAigQ,0,14,878566,clean,24,Chinese,一 只 小 猎犬 正在 小船 上下水 。

KLgPTlBLHmo,18,21,550906,clean,424,Chinese,一个 高中生 在 空中 扔 报纸 。

AysIdzGF-7M,6,14,510157,unverified,29,Chinese,用 毛線 逗弄 小貓

iwpnUHFhjWc,9,14,550906,clean,34,Chinese,一个 女人 在 外面 跳舞 。

D-K3ThvAqfo,126,130,682611,clean,95,Chinese,一个 男人 骑 着 自行车 绕 着 一个 女人 兜圈子 。

bJJndejsUWc,88,98,682611,clean,100,Chinese,乐队 在 舞台 上 表演 ， 背景 是 火 。

Xh6rdpJNaf0,0,15,760882,clean,84,Chinese,兔子 在 舔 自己 。

eyBmG9ZZnLM,215,219,682611,clean,114,Chinese,一个 人 躺 在 沙滩 上 的 躺椅 上 ， 部分 被 海滩 伞 遮住 。

nwk4m329bLw,2,10,135621,clean,65,Chinese,一个 男人 在 一个 有着 四 条 狗 的 树林 里 的 田野 里 散步 。

ItFqogTmAvQ,389,395,682611,clean,80,Chinese,一个 女人 和 一个 男人手 牵 着 手 向 大海 跑 去 。

PCXHuseKwDc,17,20,682611,clean,81,Chinese,一个 人 从 一个 大 罐子 里 把 防冻液 倒 进 汽车 的 漏斗 里 。

9Bxknsvy3jQ,53,58,682611,clean,145,Chinese,一个 年轻人 沿着 一个 台阶 滑板 ， 爬 上 坡道 ， 然后 翻 转 到 上面 的 路面 上 。

a1Y73sPHKxw,0,5,702553,unverified,37,Chinese,一 只 土拨鼠 在 瞪 视 著 镜头 。

ph-72iVQQnU,38,48,682611,clean,44,Chinese,一个 女人 在 说话 。

C1MNCR1o9lU,0,7,702553,unverified,36,Chinese,妈妈 正在 用 奶瓶 喂 孩子 喝 奶 。

zzit5b_-ukg,5,20,280252,clean,67,Chinese,一个 男孩 正在 骑 自行车 做 运动 。

w9mqbwOIkVg,6,12,760882,clean,37,Chinese,一个 男人 正在 做 一个 有 重量 的 运动 。

lAznAeFFldg,6,10,550906,clean,60,Chinese,一个 人 骑 自行车 骑 在 树林 里 的 小山 上 。

VF1K_6ZSOAY,23,28,682611,clean,77,Chinese,一个 女人 正在 写字台 上 写字 ， 一个 小 盒子 慢慢 地 向 她 走 来 。

j2Dhf-xFUxU,13,20,682611,clean,94,Chinese,有人 正在 把 一 叠 酥脆 的 玉米饼 切 成 四 层 。

_txL575S_OA,13,23,772960,clean,295,Chinese,斑马 在 草原 上 吃 草 。

E6sqA9QtV5I,195,201,682611,clean,100,Chinese,一个 男人 ， 胳膊 上 有 纹身 ， 正在 亲吻 一个 女人 。

XzCcRzEa83U,1,8,411294,clean,20,Chinese,猴子 推 着 另 一 只 猴子 。

8jP8CC2rKj4,80,88,550906,clean,43,Chinese,海豚 跳出 水面 。

HBCJYhUjVf0,0,9,682611,clean,69,Chinese,一 只 狮子 从 封闭 区域 的 篱笆 上 跳 下来 。

uRo_vJ-zy-U,35,40,702553,unverified,43,Chinese,一个 人 开枪 射击 一 只 动物 。

n6U-TGahwvs,100,110,825347,clean,20,Chinese,乐队 正在 演奏 一 首 歌

Uc63MFVwfrs,360,372,682611,clean,68,Chinese,有人 把 一个 煮 熟 的 土豆 切 成 小 块 。

bQJQGoJF7_k,109,115,760882,clean,47,Chinese,一个 人 在 塑料 容器 里 倒 调味料 。

3SKyc0aKx70,46,52,550906,clean,33,Chinese,一个 男孩 在 蹦床 上 翻转 。

6t0BpjwYKco,46,53,411294,clean,27,Chinese,那位 女士 正 在 剥茄子 。

iju4KO-3KnY,2,12,702553,unverified,23,Chinese,一个 人 在 涂口红 。

PuQVs2Ch1LY,5,15,682611,clean,47,Chinese,一个 戴 眼镜 的 女孩 在 吹 笛子 。

elQqQfux7Po,12,22,682611,clean,76,Chinese,一 只 狗 正在 吃 一 片 西瓜 ， 有人 拿 着 一 块 盘子 。

zFIn8DeV5PM,20,33,550906,clean,26,Chinese,弹 钢琴 的 人

dEn5E-TNezw,13,23,667288,unverified,63,Chinese,一 隻 刺蝟 在 咬 毛巾 。

J3_hkgu6MGc,43,52,682611,clean,81,Chinese,晚上 ， 一 辆 汽车 在 街上 停 下来 ， 人们 开始 下车 。

q9ew_nITQWY,54,62,682611,clean,58,Chinese,两 个 队 正在 打板球 。

6owu8Mow0_g,302,307,760882,clean,13,Chinese,一个 人 把 比萨饼 放在 比萨饼 上 。

WTf5EgVY5uU,98,104,807872,clean,18,Chinese,一个 女人 打破 了 一个 鸡蛋 。

9W6aQNcU3PA,92,103,702553,unverified,38,Chinese,一个 女人 在 用 锉刀 修理 指甲 。

bXsKw3TOQXs,30,55,550906,clean,151,Chinese,一 小 片 纸 被 折叠 起来 。

5W02895vT8c,312,322,760882,clean,14,Chinese,飞机 起飞 了 。

PHDmVhShE80,20,29,411294,clean,24,Chinese,那个 女人 在 割 触手 。

6t0BpjwYKco,118,127,682611,clean,162,Chinese,一个 妇女 在 一个 深煎 锅 里 切 洋葱 ， 加入 碎 胡萝卜 ， 继续 用 筷子 炒 混合物 。

xxHx6s_DbUo,41,44,682611,clean,72,Chinese,一个 男人 背着 另 一个 男人 。

DIebwNHGjm8,133,148,702553,unverified,43,Chinese,一个 人 驾 着 滑水车 在 海上 行驶 。

fvXXLP6A4p4,109,119,760882,clean,194,Chinese,一个 男人 和 一个 女人 在 外面 跳舞 。

39Ce7I6nXIw,96,104,550906,clean,939,Chinese,一个 人 在 遛马 。

TJXEKN7nwUc,11,49,682611,clean,115,Chinese,一 只 狗 试图 在 狗 嘴里 叼 着 一 根 长长的 棍子 不 成功 。

0lh_UWF9ZP4,50,60,682611,clean,86,Chinese,一 位 女士 将 三 种 不同 的 原料 加入 并 搅拌 到 一 碗 煮 熟 的 白米饭 中 。

BVilbVCo9sU,1,11,682611,clean,69,Chinese,一 只 大 猫咪 在 观察 和 嗅 着 一 只 蜘蛛 。

OUII8_aOfNM,60,69,777192,unverified,15,Chinese,屠夫 切肉 。

JK1R9k1WDpc,6,15,682611,clean,138,Chinese,一 群 大象 正 沿着 一 条 小路 走 着 。

u4kMN1jamdM,10,20,550906,clean,71,Chinese,在 海滩 上 骑马 的 女人 。

7NNg0_n-bS8,21,30,550906,clean,26,Chinese,一个 男人 在 唱歌 和 弹 吉他 。

UXs3eq68ZjE,255,260,682611,clean,67,Chinese,有人 用 木勺 在 一 壶 水 里 搅米饭 。

-_hbPLsZvvo,288,305,922727,clean,123,Chinese,一个 女人 用 香料 包米饭 。

wjH72cZ0GLM,1,10,651813,clean,13,Chinese,一个 男人 正在 推 一 辆 车 。

32_A0-er4Ws,16,20,550906,clean,36,Chinese,一个 摘 西红柿 的 女人

vE1gvaM3iAs,39,46,295615,clean,65,Chinese,戴手套 的 人 擦 去 DVD 。

MF88IYF2MHY,25,59,550906,clean,41,Chinese,一 只 愤怒 的 猫 发出 嘶嘶声 和 搔痒 。

H7vezmDeZaw,2,7,232617,unverified,56,Chinese,男子 想 学 蜘蛛侠 趴 在 墙上

BAf3LXFUaGs,28,38,411294,clean,15,Chinese,那个 人 在 敲鼓 。

80D0ylOqPJ8,0,5,682611,clean,68,Chinese,一 只 狗 用 后腿 在 空中 行走 。

ywMLb2VfHbI,13,20,651813,clean,14,Chinese,沙鼠 在 他 的 轮子 里 奔跑 。

XZ0Ch_ClBfo,120,127,682611,clean,59,Chinese,三 个 人 跑 进 大海 玩 。

gMqKUPeTAkg,17,30,504413,unverified,151,Chinese,黑貓飲 用 自來水

PmrTDZy3f2M,35,39,682611,clean,56,Chinese,两 名 男子 砰砰 地 把 篮球 投篮 。

S-Civm_fbK8,20,26,550906,clean,34,Chinese,一个 人 把 足球 踢 进 了 网 。

BtQtRGI0F2Q,15,20,702553,unverified,63,Chinese,两 个 工人 在 意外 爆炸 的 电线杆 上 工作 。

o_mWZWcm2r4,10,15,682611,clean,77,Chinese,两 个 人 正在 用 防护 装备 爬 上 墙 。

j2sOMdilDWU,87,97,682611,clean,49,Chinese,一个 人 在 一 张 纸 上 画 东西 。

hcCLIzzB1jQ,1,7,682611,clean,69,Chinese,穿 着 西装 的 人 正在 做 单手 俯卧撑 。

hJFBXHtxKIc,204,209,682611,clean,78,Chinese,有人 从 一个 大 玻璃罐 里 倒入 一个 淡红色 的 香肠 。

5K7Ru5s6YIw,8,11,550906,clean,39,Chinese,袋鼠 啃 它 的 食物 。

-wa0umYJVGg,168,176,702553,unverified,38,Chinese,一个 女人 把 菜 放 进 锅 里 滚熟 。

klteYv1Uv9A,27,33,682611,clean,87,Chinese,一个 男人 躺 在 一 辆 正在 行驶 的 摩托车 上 。

swKrHEeOj9c,4,8,232617,unverified,29,Chinese,看似 会 说话 的 猫

qBFSt85-xqk,15,20,550906,unverified,47,Chinese,牛奶 被 放 入 一 大 碗 鸡蛋 里 。

z9qbQX4J_2g,0,14,550906,clean,41,Chinese,一 群 孩子 在 舞台 上 唱歌 。

AjZ-R3LFMzo,18,23,135621,clean,180,Chinese,摩托车 骑手 在 摩托车 上 表演 特技 表演 。

WPG-BIWOrG4,672,677,682611,clean,63,Chinese,一个 男人 正在 用 刀子切 开 一 条 鱼 。

FWzsXeXCwuc,106,110,682611,clean,54,Chinese,一 只 猴子 正 爬 在 雕像 的 头 上 。

WPG-BIWOrG4,683,689,682611,clean,87,Chinese,切割鱼 的 人 用 刀 戳拇指 ， 吸血 。

m1NR0uNNs5Y,160,166,682611,clean,67,Chinese,一个 女人 用 手 剥 大蒜 的 丁香 。

yC4eEuURH8c,19,28,682611,clean,69,Chinese,一 只 小 猫 在 床 上 来回 地 喵喵 叫 。

30GeJHYoerk,80,85,682611,clean,73,Chinese,一个 年轻 女子 在 小 橘色 的 圆 锥体 上 滑冰 。

aRo8x3xXeEA,3,8,411294,clean,17,Chinese,滑雪板 正在 耍花招 。

-rvjK0lE3z4,33,43,682611,clean,76,Chinese,有人 用 刀 把 土豆 切 成 方块 大小 的 碎片 。

yyxtyCaEVqk,329,360,702553,unverified,56,Chinese,一个 人 把 一些 粉末状 的 东西 洒 在 红萝卜片 上面 。

1dmVuwO1RZk,214,220,702553,unverified,40,Chinese,一 对 恋人 在 小船 上 牵手 。

Q-soOsOLIGQ,0,22,682611,clean,67,Chinese,一个 男人 正在 指导 一个 男孩 击球 。

msCidKHOh74,410,418,702553,unverified,27,Chinese,一个 背着 大 行囊 的 男人 在 骑 摩托车 。

NjCqtzZ3OtU,303,307,550906,clean,42,Chinese,一个 女人 把 一个 小 盒子 放 进 嘴里 。

v-9Gx0gJmfo,91,99,682611,clean,103,Chinese,一个 女人 划 独木舟 然后 下船 。

8MVo7fje_oE,113,118,682611,clean,59,Chinese,有人 设置 计时器 并 启动 微波炉 。

Lt1JijkvSKk,0,10,682611,clean,180,Chinese,一 只 动物 坐 在 某人 的 膝盖 上 ， 在 一 辆 车上 玩 着 一个 小 物体 。

_O9kWD8nuRU,25,35,682611,clean,241,Chinese,一个 女人 正在 把 一个 黄色 的 蔬菜 看 起来 像 碎片 。

oFUsn1owAbs,158,168,682611,clean,71,Chinese,一个 女人 在 一个 巨大 的 黑色 浴缸 里 泡泡 泡 浴 。

Ea0thGZKPXA,25,35,155632,clean,35,Chinese,一个 男孩 正在 吹 笛子 。

lsanQj2yacs,102,108,682611,clean,99,Chinese,两 个 女孩 站 在 厨房 的 柜台 上 ， 一个 女孩 在 两 片 面包 上 涂 蛋 黄酱 。

OpR1Er5o6IY,209,217,617730,clean,30,Chinese,一个 男人 摇晃 着 一 只 老鼠 让 蛇 吃 。

IhwPQL9dFYc,61,75,682611,clean,59,Chinese,一个 女人 用 刀 把 土豆 切 成 小 块 。

kquB3rIgfGk,525,532,702553,unverified,30,Chinese,一个 男人 正在 把 黄瓜 切片 。

dvhJGidrrKE,254,260,682611,clean,64,Chinese,一个 女人 在 看 几 个 男人 打架 。

qRoxNXm7INc,58,66,682611,clean,76,Chinese,有 人 在 摩擦 躺 着 的 猫 的 头 。

dvhJGidrrKE,98,101,682611,clean,49,Chinese,一个 女人 被 男人 拍打 ， 而 其他 男人 则 看 着 。

16iNk1hLJt4,37,40,682611,clean,196,Chinese,六 名 年轻 的 跑步者 排 在 跑道 的 起跑线 上 等待 一个 人 告诉 他们 开始 。

ZdlG8fjGJlo,78,87,682611,clean,89,Chinese,有人 把 一 片 青椒 切 成 两 半 ， 加入 搅拌器 中 加入 西红柿 。

lfGlDg47How,361,367,760882,clean,59,Chinese,一个 男人 在 用 电 搅拌器 。

c2a0GcoJAjw,107,129,702553,unverified,48,Chinese,两 个 印度 女孩 在 跳 传统 舞蹈 。

O06WXS_XZN0,0,6,550906,clean,37,Chinese,一个 男人 在 抚摸 一 条 拴 着 的 狗 。

47D9-U8hn5I,11,16,682611,clean,122,Chinese,一 只 猫 ， 它 的 爪子 上 有 袜子 ， 每 一 步 都 在 咖啡桌 上 滑动 ， 最后 从 桌子 上 滑 下来 。

-_hbPLsZvvo,18,25,682611,clean,68,Chinese,一个 女人 把 一 片 西葫芦 切 成 两 半 ， 十 片 薄薄地 切 成 薄片 。

c51L6ZxZGjQ,137,154,682611,clean,118,Chinese,一个 女人 用 金属 抹刀 在 大 面包 上 涂 黄油 。

-vKO3uSG6Do,3,14,682611,clean,69,Chinese,三 个 动画片 中 的 女子 是 同步 舞 。

vfktGc_qx-w,2,18,922727,clean,52,Chinese,两 个 人 正在 做 摩托车 的 把戏 。

zSPBC8EO6dY,122,126,550906,clean,53,Chinese,两 个 人 向 飞行员 打招呼 。

s7znbqra118,91,97,702553,unverified,65,Chinese,一 群 穿 著马 来 传统服 的 人 在 街上 操兵 游行 。

Tied-t1fFsk,15,20,702553,unverified,44,Chinese,一个 牛仔 正在 练习 远 距离 射击 。

u9prcUCHlqM,73,80,682611,clean,112,Chinese,一个 人 在 户外 散步 ， 背着 一个 黑色 的 肩包 和 一个 三脚架 。

aHiUM8uWxxo,17,25,550906,clean,33,Chinese,两 个 男孩 在 玩 玩具 飞机

mF6ijhSrbBQ,32,40,702553,unverified,28,Chinese,一 只 海狮 在 冰 上 滑行 。

rw9h_574HxE,229,236,682611,clean,59,Chinese,一个 男人 搂 着 一个 女人 ， 他们 在 树林 里 散步 。

_WRC7HXBJpU,414,425,651813,clean,35,Chinese,一个 人 正在 往 锅 里 加 水 。

9OvXb1fot74,21,29,651813,clean,29,Chinese,一 则 广告 。

vZa13vJugGU,0,30,702553,unverified,29,Chinese,一个 人 在 用 脚 弹 吉他 。

r4qv_BNlQNk,93,98,682611,clean,425,Chinese,一个 男孩 把 一 大 块 树皮 塞 进 嘴里 。

dfOuTx66bJU,34,39,682611,clean,141,Chinese,一个 走 在 街上 的 人 转 过 身 来 ， 然后 转 过 身 ， 开始 慢 跑 。

giLxPCgLLqg,9,19,702553,unverified,34,Chinese,棒球手 拼命 把 球 救 下来 。

e996zZ0uV_A,152,163,702553,unverified,45,Chinese,一个 少年 把 巧克力 倒 进 大 杯子 里 。

Ar70p1_LcfM,2,20,550906,clean,36,Chinese,玩 电脑 的 小孩

Kxa0mnDj0bs,113,124,772960,clean,257,Chinese,一 只 北极熊 把 它 的 下巴 和 前肢 放 在 雪地 上 ， 用 它 的 后腿 行走 。

ZlX_Gy4HP2E,38,55,702553,unverified,30,Chinese,一个 女生 在 做 体操 。

fr9H1WLcF1A,326,336,682611,clean,64,Chinese,许多 在 栅栏 院子 里 的 男孩 都 在 用 玩具 剑 打仗 。

GPyFZMJ5Dow,56,70,550906,clean,35,Chinese,一个 男人 在 准备 汉堡包 。

ZN2_czSBSD0,240,250,878566,clean,29,Chinese,一个 人 正 奔 向 旷野 中 的 龙卷风 。

v7NpKUVqjpI,23,40,550906,clean,22,Chinese,丛林 中 的 大象 和 驯兽师

eQcUmH0VE90,9,15,702553,unverified,61,Chinese,一个 男人 背著 大 背包 在 走山路 。

UbmZAe5u5FI,16,23,682611,clean,43,Chinese,一个 女人 正在 用 刀子 切 成 薄片 。

s1ZABV7AQdA,38,48,702553,unverified,37,Chinese,一 群 人 追 著 一个 人 跑 。

_7nP9z6T9m8,11,17,232617,unverified,108,Chinese,男子 骑 自行车 撞 牌子

3ytUOoa1SBE,12,23,682611,clean,56,Chinese,舞台 上 演出 的 演员 很多 都 在 跳舞 。

_o1UXSxTjfo,68,80,702553,unverified,26,Chinese,有 个人 在 贩卖 东西 。

hW8TKz2Aea4,5,12,682611,clean,63,Chinese,有人 手里 拿 着 刺猬 。

V6Fxclwdfxc,56,66,550906,unverified,197,Chinese,一 只 鸟 把 球 举 到 梯子 上 。

jlahRlo4jlU,30,36,252681,clean,16,Chinese,一个 男人 正 沿着 一 条 路 走 。

QT8iCDc7NGU,18,23,682611,clean,76,Chinese,一个 戴 着 黄色 橡胶 手套 的 女人 一边 用 一 块 布洗 冰箱 的 顶部 一边 说话 。

p69d3UBdpR8,98,109,878566,clean,19,Chinese,一个 年轻 的 亚洲 女孩 正在 使用 眼线 笔 。

nBFhvrAOFqY,89,103,702553,unverified,41,Chinese,一 只 人 猿 在 脱 衣服 。

ysTmUTQ5wZE,17,45,702553,unverified,45,Chinese,一 只 熊猫 在 学 爬 台阶 。

BtQEY2SL4g4,11,16,682611,clean,186,Chinese,一个 用 杆子 把 一 只 猫 从 一个 像 杆子 一样 高 的 工具 上 推开 ， 猫 一路 跳 到 地上 跑 掉 了 。

yfMTsYcLt10,0,7,550906,clean,28,Chinese,一个 男孩 撞 到 墙上

6pcqRuFEMLs,46,52,702553,unverified,46,Chinese,一个 男子 好象 蜘蛛人 一样 在 栏杆 上 灵活 的 跨 来 跨 去 。

cs33MNhpRNw,16,21,702553,unverified,43,Chinese,一个 男 空务员 在 把 飞机 的 门关 上 。

uqVCk2oDpSE,194,200,682611,clean,70,Chinese,一个 用 刀 把 面包 切 成 两 半 的 人 似乎 割伤 了 自己 。

rwHT2SuNOi8,195,201,702553,unverified,35,Chinese,一个 人 把 肉块 排 在 锡纸 上 。

q3I3R_gqy8M,73,79,682611,clean,117,Chinese,一个 哭 着 的 男人 正 和 躺 在 床 上 的 女人 说话 ， 把 额头 贴 在 她 的 头 上 。

6sKdTbRkahM,6,12,682611,clean,64,Chinese,一个 男人 从 菠萝 上 切下 。

ifS2nXfCyYo,4,34,504413,unverified,125,Chinese,豚鼠 吃 胡蘿蔔 。

QsKIlhn6if8,270,276,682611,clean,73,Chinese,同样 的 男人 和 女人 展示 了 几 个 不同 的 场景 拥抱 。

HPFLN5azwtA,56,63,807872,clean,21,Chinese,獾 挖 洞 。

YXixZrSxefk,6,15,702553,unverified,49,Chinese,一个 人 正在 削 马铃 薯皮 。

73vUksucPz8,12,20,702553,unverified,26,Chinese,一个 女孩 在 拉 小提琴 。

CBD9h0jUq3w,1,7,550906,clean,22,Chinese,在 海滩 上 踢 足球 的 人

VoKJr0EOzCU,136,142,702553,unverified,26,Chinese,一个 人 把 冰箱 的 抽屉 拿 出来 。

_6OTzzK7t9Y,158,170,550906,clean,28,Chinese,一个 男人 正在 弹 钢琴 。

Je3V7U5Ctj4,582,587,682611,clean,45,Chinese,有人 在 面粉 玉米饼 上 撒奶酪 。

CHVhwcOg6y8,1,12,550906,clean,1296,Chinese,贾斯汀·比伯 和 朋友 玩 X 盒 。

J4otiwOjQy8,98,112,682611,clean,94,Chinese,一个 男人 正在 剪 一个 带 紫色皮 的 管状 白色 蔬菜 。

tZzJ9dDnncY,37,41,682611,clean,44,Chinese,一个 穿 着 长裙 的 女人 在 街上 跳舞 。

_WRC7HXBJpU,386,391,651813,clean,17,Chinese,女人 把 锅 放 在 锅 里 。

EdrZtaBUXIo,25,29,682611,clean,70,Chinese,烟 从 南瓜灯 里 冒 出来 。

5XxshEdcfAM,85,100,169605,clean,32,Chinese,一个 男人 在 跳舞 。

ACOmKiJDkA4,161,170,682611,clean,92,Chinese,有人 把 黄色 的 物质 插入 米 球 里 。

RSx5G0_xH48,12,17,702553,unverified,20,Chinese,一 只 小 狗 对 着 镜头 吠叫 。

AEKPjVHSVZc,0,12,682611,clean,83,Chinese,穿 着 龙 服装 的 人们 在 街上 跳舞 。

00jrXRMlZOY,0,10,155632,clean,19,Chinese,一 只 青蛙 正在 抚摸 。

0hyZ__3YhZc,485,490,682611,clean,60,Chinese,有人 在 壶里 搅 辣椒 。

zpgW7m7_LZw,2,15,651813,clean,19,Chinese,一个 小 男孩 在 打 高尔夫球 。

bQJQGoJF7_k,120,126,411294,clean,32,Chinese,那 人 在 搅动油 。

ghynaoVNwZc,1,20,550906,clean,79,Chinese,一 辆 汽车 做 一些 特技 驾驶 。

1rECrfrdNTo,200,207,702553,unverified,53,Chinese,一个 女人 正在 把 蛋 打 进 锅 里 。

8PQiaurIiDM,94,99,682611,clean,69,Chinese,一个 男人 用 剑 把 绳子 吊 在 天花板 上 。

4s_0-zIWEog,1,15,550906,clean,77,Chinese,一个 男孩 在 吃谷类 食品 ， 一边 和 一个 女孩 聊天 。

dJEoDaA6VXc,1,19,550906,clean,138,Chinese,一个 人 骑 着 马 骑 着 圆锥体 ， 一边 射击 。

ZxqkAGNyo8A,12,22,550906,clean,18,Chinese,一个 玩 玩具 钢琴 的 婴儿

idXJu0BQRvo,2,6,922727,clean,82,Chinese,一个 男孩 在 水滑道 上 滑动 。

crfrKqFp0Zg,15,25,760882,clean,51,Chinese,一个 男人 正在 吹 笛子 。

Pr5LQq42l4M,12,17,550906,clean,200,Chinese,一个 戴 假发 的 男人 跳 过 了 一 幢 大楼 。

wNv74rvkAw8,30,40,682611,clean,69,Chinese,五 只 小 猫 一 排 接着 一 圈 正在 吃 掉 盘子 。

c75SIlAjfjg,6,14,702553,unverified,39,Chinese,几 个 小孩 在 台上 跳舞 。

_SNE2MYAotU,41,49,682611,clean,66,Chinese,有 人 在 抚摸 某种 动物 。

jjl2ZMdFCsw,130,142,682611,clean,97,Chinese,一个 人 在 旋转 和 移动 时 正 在 旋转 一 把 剑 。

HqbVbPvlDoM,0,11,702553,unverified,63,Chinese,一个 女人 和 一 只 狗 在 操场 上 表演 。

q8t7iSGAKik,11,31,682611,clean,71,Chinese,一个 人 用 脚 操纵 足球 。

4QdX5Q3qQsQ,6,14,682611,clean,93,Chinese,一个 男人 把手 放在 嘴唇 附近 ， 似乎 在 思考 。

R3a9r8qFlhQ,0,12,702553,unverified,44,Chinese,一个 人 正在 剥蛇皮 。

SzEbtbNSg04,111,117,682611,clean,80,Chinese,有人 从 沸水 锅 里 取出 玻璃 盖子 ， 把 未 煮 的 意大利 面条 放 进 锅 里 。

MUkKFFdpm4E,121,135,702553,unverified,23,Chinese,一 位 驯马师 在 骑黑马 。

MJoxGpEswOI,9,16,504413,unverified,252,Chinese,一 名 男子 在 一 场 篮球 比赛 倒 在 地上 ， 但 投篮 命中 一 杆 。

ngHDYzhDBk4,5,14,682611,clean,98,Chinese,五 个 十几 岁 的 女孩 看 着 他们 的 肩膀 ， 然后 转 过 身 去 ， 把 珠子 抛 向 空中 。

6t0BpjwYKco,53,59,682611,clean,109,Chinese,一个 女人 正在 把 部分 剥皮 的 西葫芦 切 成 碎片 。

KPPCwmU5OHQ,480,486,682611,clean,95,Chinese,有人 用 金属 钳搅 动 一 壶 汤 。

KWK7szRdbrE,80,90,550906,clean,26,Chinese,一 群 妇女 跳舞 。

V--abChiVVc,30,40,702553,unverified,33,Chinese,一 群 人 正在 跳舞 。

nBJV56WUDng,38,47,550906,clean,25,Chinese,一个 拔 香蕉 的 人

77iDIp40m9E,3,9,550906,clean,27,Chinese,小狗 在 妈妈 身上 踢 土 。

qhknaG9ifbs,122,127,682611,clean,155,Chinese,一个 人 在 一个 长 柄 金属 工具 上 摆动 ， 打破 了 一 块 冰 。

hNECyt6Bo0A,5,10,702553,unverified,41,Chinese,三 个 人 在 做 体操 。

I2eWXGaoWko,20,24,702553,unverified,28,Chinese,一 对 男女 坐 在 吉普车 里 兜风 。

sWqi41wyXcQ,68,79,275759,clean,68,Chinese,健美 运动员 正在 做 运动 。

_QJbjKkfdcs,52,57,667288,unverified,60,Chinese,我 看 見 一 位 印度人 在 拉 小提琴 。

iCiGjZEV7VI,65,75,682611,clean,70,Chinese,一个 女人 用 刷子 把 棕色 化妆品 涂 到 眉毛 上 。

ywHBKayhyvQ,19,28,550906,clean,21,Chinese,一个 男孩 走过 一 座 桥

0NPtAv3_uVI,46,54,682611,clean,82,Chinese,一个 穿 着 救生衣 的 女人 在 湖边 滑雪 。

UnWgz-mVMXU,2,6,702553,unverified,79,Chinese,一个 男生 从 天台跳 向 升旗杆 。

ZsrPKtx0qyg,7,15,550906,clean,27,Chinese,一 只 小 狗 在 尾巴 上 摇尾巴 。

X7sQq-Iu1gQ,12,22,682611,clean,82,Chinese,一个 男人 闭 着 眼睛 ， 对 着 麦克风 唱歌 。

HJHPB_Y8GZE,22,28,682611,clean,66,Chinese,一 只 狗 在 墙上 的 镜子 里 跑 来 跑 去 ， 对 着 他 的 狗吠 叫 。

_6OTzzK7t9Y,73,78,550906,clean,63,Chinese,在 混合 碗 中 混合 配料 的 人 。

MJNStEgDKXU,3,10,702553,unverified,34,Chinese,一 只 白狗 在 摇尾巴 。

4ge5_V-xhP0,138,142,215924,clean,53,Chinese,一个 人 从 冰箱 里 取出 葡萄汁 。

L9wD3kw-8FE,65,73,550906,clean,40,Chinese,一个 用 大 刀 砍 树 的 人

X_NLV2KCnIE,60,70,550906,clean,38,Chinese,一个 正在 开枪 的 人 。

o2X6UCaNqKA,27,36,682611,clean,90,Chinese,一个 戴 着 耳机 的 男人 向 目标 跑 去 ， 用 步枪 向 他们 射击 。

tgm4dRGBeJ0,289,294,702553,unverified,30,Chinese,一个 人 正在 骑脚 踏 车 。

qeKX-N1nKiM,106,115,682611,clean,127,Chinese,一个 女人 把 水 和 面粉 倒 进 金属 碗 里 ， 用 筷子 搅拌 。

ACOmKiJDkA4,121,128,682611,clean,69,Chinese,一个 女人 正在 用 筷子 炒肉 。

zMg9dChF97A,12,38,550906,clean,37,Chinese,马铃薯 正在 切 菜板 上 切 土豆 。

_yUiusXxfWI,150,165,550906,clean,48,Chinese,黄麻酒 正在 锅 里 煮 。

FH8vgAp4VDU,10,14,702553,unverified,29,Chinese,一个 男人 走 下 楼梯 。

53dc4z7HLyg,25,29,682611,clean,148,Chinese,一 只 海豚 躺 在 一个 码头 上 的 一个 女孩 的 头顶 上 ， 而 另 一个 人 在 用 它 的 嘴 做 什么 。

BiVJel79edY,154,168,760882,clean,32,Chinese,一个 男人 在 街市 上 跳舞 。

0hyZ__3YhZc,410,417,682611,clean,104,Chinese,有人 把 辣椒粉 倒 进 汤匙 里 ， 加 在 一 壶 辣椒 里 。

XtQdAPV2UZs,4,11,682611,clean,79,Chinese,一个 男人 拿 起 一 辆 蓝色 敞篷车 的 前部 。

J7zb8YXrmIA,93,99,550906,clean,78,Chinese,一个 人 骑 自行车 横 过 街道

C_1cnNdMwxY,0,8,682611,clean,92,Chinese,一个 男人 在 地板 上 玩 小狗 ， 绕 着 圈子 旋转 小 狗 ， 揉 搓 它 的 肚子 。

kWLNZzuo3do,31,37,682611,clean,114,Chinese,一个 女人 在 一 块 木头 上 解开 一些 食物 。

WrsS6X-FB-I,30,47,257003,clean,311,Chinese,一个 人 用 面包 刀切 面包 。

VfqlfprZsaQ,75,85,682611,clean,78,Chinese,三 个 穿 着 宫冠 服装 的 女人 在 观众 面前 跳舞 。

2G9fkvBzzQE,10,20,682611,clean,107,Chinese,一个 女人 拿 着 麦克风 ， 一 只 鸟 在 对 着 它 说话 ， 三 个 参赛者 笑 了 。

-7KMZQEsJW4,205,208,702553,unverified,41,Chinese,一个 人 正在 剥向日葵 的 种子 。

4lXdVS697DQ,10,25,550906,clean,42,Chinese,两 个 人 在 船上 航行 。

7uOiiA4Kxbo,23,35,682611,clean,117,Chinese,一个 人 背着 一 只 白色 的 狗 骑 着 自行车 骑 在 街上 。

GcfWD62sbcs,13,33,682611,clean,122,Chinese,一 只 动物 ， 头 被 埋 在 一个 管状 的 盒子 里 ， 疯狂 地 跑 来 跑 去 ， 在 篱笆 上 跳跃 。

XdB0pVjFYoU,1,8,682611,clean,80,Chinese,有人 抱 着 一 只 小 猴子 。

QOmrchUPnBs,10,20,682611,clean,61,Chinese,一个 人 正在 演奏 一 种 大型 笛子 乐器 。

edqyq4Q-7uU,103,109,702553,unverified,31,Chinese,一个 人 正在 跳舞 。

xxHx6s_DbUo,32,36,682611,clean,88,Chinese,一个 男人 正 沿着 街道 奔跑 ， 场景 向 一 男 一 女 鞠躬 。

BnJUWwSx1kE,11,22,702553,unverified,155,Chinese,一 只 袋熊 正在 向 前 走 。

nd0ToNwccl4,12,17,702553,unverified,42,Chinese,一个 男人 拿 着 橄榄球 跪 在 地上 。

ggic669elLM,200,215,702553,unverified,27,Chinese,一个 男人 拿 着 骷髅 玩偶 在 说话 。

JXSkYkiKO0I,42,46,550906,clean,70,Chinese,男人 做 俯卧撑 。

6t0BpjwYKco,71,76,760882,clean,26,Chinese,一个 女人 剥 了 一个 苹果 。

ao-9B8IV9_E,175,187,702553,unverified,33,Chinese,一个 小 男生 钻 进 狗屋 里 爬 不 出 來 。

KPPCwmU5OHQ,227,238,760882,clean,52,Chinese,一个 人 把 鸡肉 汤 放 进 锅 里 。

fX5G_JwPlLo,640,660,252681,clean,29,Chinese,一个 人 正在 把 纸 带 切 成 一个 盒子 来 打开 它 。

cFzSEIGrEfA,0,24,702553,unverified,44,Chinese,一个 人 正在 削 鱼 鳞 。

Ayh26v6Nies,17,22,702553,unverified,40,Chinese,两 只 小 狗 正在 争夺 东西 。

Y4BeJ-64294,20,30,550906,clean,51,Chinese,一个 人 在 桶 上 射击 。

Qtu-PXuvCx4,12,17,702553,unverified,22,Chinese,一个 小孩 在 吃 巧克力 。

-DKuLXYoY3g,14,20,649657,unverified,55,Chinese,一个 男孩 在 玩耍

_0nX-El-ySo,83,93,682611,clean,69,Chinese,一个 男人 用 剪刀 把 一 张 纸切 成 两 半 。

IhwPQL9dFYc,124,129,682611,clean,36,Chinese,一个 女人 把 豆腐 切 成 两 半 。

D2FbgK_kkE8,121,151,550906,clean,16,Chinese,一个 削 菠萝 的 女士

BIqVvRh_cEY,143,149,682611,clean,59,Chinese,一个 年轻 的 男孩 在 跑步 。

GWQTAe64m-0,91,94,682611,clean,67,Chinese,一个 男人 正在 用 一个 女人 的 相机 拍照 。

TwQzFqBqgeA,0,10,227134,clean,33,Chinese,一个 男人 正在 海滩 上 休息 。

qPXynwa_2iM,15,25,550906,clean,58,Chinese,狗慢吞吞 地 穿过 水 。

QsKIlhn6if8,39,49,682611,clean,73,Chinese,一个 人 在 独自 跳舞 。

d_BWuttLRFM,42,52,702553,unverified,31,Chinese,一个 印度 小 男生 在 吹萧 。

Lw0eGsYxElA,11,14,682611,clean,60,Chinese,一个 穿 西装 的 男人 把 一 根 棍子 劈 成 两 半 。

WTf5EgVY5uU,58,76,615204,clean,47,Chinese,一 瓣 大蒜 ， 中间 的 嫩枝 被 剔除 ， 被 切 成 小片 。

PHDmVhShE80,78,82,682611,clean,60,Chinese,一个 女人 把 鸡蛋 塞 进 玻璃 碗 里 。

HZqscSWtHmo,24,34,550906,clean,28,Chinese,一个 男人 对 着 麦克风 唱歌 。

98shpdib9sg,55,62,702553,unverified,35,Chinese,一个 男生 对 着 镜头 说话 。

iuqVpMdb1NM,35,43,682611,clean,76,Chinese,有人 把 一 张 纸折 成 两 半 ， 黄色 的 一边 。

F44bLc6t7-I,1,8,702553,unverified,76,Chinese,一个 男 厨师 正在 为 小孩子 们 布餐 。

QGgJlHi3tjw,1,15,550906,clean,62,Chinese,一个 有 动机 的 演讲者 做 演讲 。

e-j59PqJjSM,264,277,682611,clean,78,Chinese,用 切肉 刀切 碎 番茄 的 人 。

W8l_ezoU8Lc,55,70,159786,clean,354,Chinese,一个 男人 在 弹 吉他 。

2YhDTpzxd3c,149,154,760882,clean,15,Chinese,女人 喂 男人 食物 。

uH8ObB_dyOk,159,166,682611,clean,103,Chinese,两 个 女人 在 商店 购物 ， 一个 女人 指 着 某物 ， 另 一个 女人 推 着 一 辆 手推车 朝 那个 方向 推 。

qNjeEx92rTA,281,299,550906,clean,562,Chinese,一个 人 在 碗 里 混合 巧克力 。

QHkvBU8diwU,1,18,702553,unverified,33,Chinese,一个 印度 男人 在 自弹自唱 。

7_XASfcYdBk,3,13,651813,clean,12,Chinese,一个 男人 在 弹 吉他 。

RWWvWFeE6_Q,2,26,682611,clean,74,Chinese,一个 年轻人 正 推 着 一 辆 面包车 沿 街 走 去 。

hNOzHvsEmg4,31,36,682611,clean,67,Chinese,两 个 队 正在 踢 足球 ， 蓝队 守门员 阻止 红军队 打 进 两 球 。

ArEWo8pERFc,17,21,550906,clean,31,Chinese,一个 躺 下 睡觉 的 女人 。

WTf5EgVY5uU,66,75,702553,unverified,29,Chinese,一个 人 在 把 洋葱 切粒 。

VZ6H73nH7xs,27,33,651813,clean,44,Chinese,一 部 动画片 正在 荡秋千 。

kNHivduxQWg,0,14,760882,clean,12,Chinese,两 只 仓鼠 在 吃 东西 。

qeKX-N1nKiM,68,72,682611,clean,56,Chinese,一个 女人 把 生 土豆 切 成 皮 。

9Wr48VFhZH8,45,50,682611,clean,92,Chinese,老虎 跑 过来 坐 在 一个 俯卧 的 人 身上 ， 然后 跑 过去 把 一个 男人 撞倒 。

n_Z0-giaspE,270,278,169605,clean,24,Chinese,一个 家伙 正 从 飞机 上 下来 。

_KMoC6ZdeXs,10,16,682611,clean,37,Chinese,一个 年轻人 坐 着 弹 吉他 。

hJuqBDw_TT4,105,112,682611,clean,67,Chinese,一 群 青少年 在 户外 跳舞 。

6ERey_f0Qmw,20,25,550906,clean,35,Chinese,一 只 带 着 支架 的 小狗摇尾巴 。

9HTUcMjWB3g,134,138,550906,unverified,193,Chinese,黄瓜 正在 切纸板 上 切 成片 。

De815YpTBic,41,48,682611,clean,49,Chinese,一 辆 小 红 汽车 正 沿着 公路 行驶 。

0hyZ__3YhZc,418,424,667288,unverified,52,Chinese,他 把 調味 粉倒 進量 匙 中 。

kEGmZDpZ_RE,248,293,702553,unverified,26,Chinese,一个 人 正在 把 蔬菜 切 碎 。

sJC7E06IBXI,49,59,411294,clean,17,Chinese,汽车 正 沿着 路 行驶 。

-FugkxLmGO4,5,16,702553,unverified,28,Chinese,一 大 一 小 的 两 只 狗 在 笼子 里 。

zfQOH4UGU_I,1,10,682611,clean,70,Chinese,一 条 大 狗 通过 链环 篱笆 吠 叫 。

urNX3e1Wbc8,30,38,682611,clean,68,Chinese,一 只 大 狗 正在 袭击 有人 在 推扫 。

77iDIp40m9E,119,123,702553,unverified,36,Chinese,一 只 黑猫 把 小 男孩 扑 跌 在 地 。

kWLNZzuo3do,251,260,651813,clean,19,Chinese,一个 女人 在 锅 里 搅 抓 。

5W02895vT8c,460,470,411294,clean,26,Chinese,飞机 已 降落 在 机场 。

vz71JKcpeUU,0,10,702553,unverified,30,Chinese,一 架 飞机 在 跑道 上 行驶 。

LYSPQqUvNO0,43,57,550906,clean,1508,Chinese,

2YhDTpzxd3c,22,27,682611,clean,91,Chinese,一个 年轻人 正 沿着 一 辆 卡车 驶 离 公路 。

vuvpbeQak9Q,23,29,682611,clean,87,Chinese,在 狂欢节 上 ， 一 列 火车 在 上下 颠簸 。

4t5POXt2e68,5,11,760882,clean,33,Chinese,哭哭啼啼 的 婴儿 跌倒 了 。

zYcY4mjLpxU,45,55,682611,clean,173,Chinese,一个 小 男孩 坐 在 两 个 女人 的 地板 上 ， 从 篮子 里 拿 出 五彩 纸屑 ， 然后 把 它 撒 回到 篮子 里 。

zBrC1GmA0Qg,26,33,682611,clean,104,Chinese,一 只 猫 在 咖啡桌 上 用 爪子 拍打 小狗 ， 而 地板 上 的 小狗 却 背 对 着 猫吠叫 。

hJFBXHtxKIc,317,322,682611,clean,71,Chinese,一个 人 正 坐 在 一个 大 碗 里 吃 意大利 面条 。

45AGQSbodbU,5,15,682611,clean,61,Chinese,一 只 毛茸茸 的 小 动物 咬 着 某人 的 手指 。

KIEWo_xJ5nU,0,7,702553,unverified,104,Chinese,刚 出世 的 小熊猫 趴 在 毛巾 上 。

6owu8Mow0_g,527,534,682611,clean,54,Chinese,一个 男人 在 柜台 上 嗅 着 两 个 比萨饼 。

nhm_APPwhWk,6,12,252681,clean,25,Chinese,一个 人 骑 着 一 辆 土 自行车 摔倒 了 。

qvg9eM4Hmzk,1,9,682611,clean,49,Chinese,一个 留 着 胡子 的 人 上下 颠簸 地 抬 着 蓝色 卡车 的 后背 。

FA3OfhJK0mI,195,203,682611,clean,98,Chinese,视频 闪烁 到 几 个 不同 的 情侣 接吻 。

WpB4-eLyiBc,10,20,682611,clean,43,Chinese,一个 男人 在 弹 吉他 唱歌 。

9xVqwy_4pmQ,36,49,878566,clean,35,Chinese,一个 男人 正在 大理石 柜台 上 煮 一个 煮 熟 的 鸡蛋 。

hReROJQpSow,24,30,702553,unverified,50,Chinese,一个 小 男孩 对 著 镜头 大笑 。

MPuKVz3sjBA,1,12,702553,unverified,36,Chinese,一个 小孩 笑 得 很 开心 。

Ofr7FWbnPqU,1,11,550906,clean,58,Chinese,猫 探索 印刷机

1mIyMRPV8kg,9,17,682611,clean,89,Chinese,一个 男人 正在 和 一 只 大 黑 狗 打 篮球 ， 狗 把 球 运 球 做 篮子 。

xaPepCVepCg,35,46,682611,clean,74,Chinese,一 只 大 乌龟 正 走下坡路 。

ACOmKiJDkA4,67,74,682611,clean,85,Chinese,一个 女人 正在 把 米纸 切 成 三角形 和 三角形 。

93n_oYVCLpk,9,12,682611,clean,87,Chinese,一个 小 男孩 把 泥水 洒 在 脸上 和 衣服 上 ， 站 起来 ， 羞怯 地 看 着 一个 小 女孩 。

eyBmG9ZZnLM,103,108,682611,clean,55,Chinese,一个 女人 穿 着 衣服 在 水下 游泳 。

F2Ny7rq9RKs,139,148,651813,clean,18,Chinese,一个 男人 把 胡椒 放 进 碗 里 。

tYh4iDFgmEE,10,14,682611,clean,44,Chinese,一个 戴 眼镜 的 人 正在 吃 一 片 比萨饼 。

9QI8cgBSGo8,28,41,155632,clean,20,Chinese,一个 女孩 在 粉笔板 上 写字 。

5OuYhq6Zl0g,0,10,702553,unverified,32,Chinese,三 个 女孩 在 跳舞 。

WTf5EgVY5uU,100,104,702553,unverified,25,Chinese,一个 女人 正在 把 蛋 打 进 碗 里 。

97JhYpoWxzY,0,4,682611,clean,215,Chinese,一个 婴儿 咬 了 一 口 莳萝 泡菜 ， 闭上 眼睛 ， 摇 了 摇 头 ， 做 了 个 鬼脸 。

PiyoeFC31kE,9,27,702553,unverified,51,Chinese,一个 牛仔 正在 操控 两 只 马儿 绕 场 跑 圈 。

-wa0umYJVGg,271,276,702553,unverified,34,Chinese,一个 女人 在 把 肉 切片 。

OIjsSu_I4So,6,10,682611,clean,64,Chinese,一 辆 卡车 或 一 辆 货车 正 沿着 道路 行驶 。

zuYZ5kPatJE,78,116,702553,unverified,39,Chinese,一 只 小 猫 在 玩 保龄球 。

WqwcWk1In_g,46,54,702553,unverified,17,Chinese,一 只 牛 在 吃 草 。

lvFYUmDSOvU,34,38,682611,clean,52,Chinese,一 匹 马 从 地上 爬 起来 。

3FnUTQMJVXI,31,36,682611,clean,79,Chinese,一 只 小 猫 ， 在 镜子 旁边 ， 在 地板 上 玩 着 一 只 网球鞋 。

kquB3rIgfGk,537,544,169605,clean,38,Chinese,一个 人 正在 把 黄瓜 放在 罐子 里 。

hSgGBHbJrmE,0,17,682611,clean,89,Chinese,一 只 灰色 的 兔子 在 玩 一 只 塞 满 了 白兔 的 兔子 。

io2dbV-Qbus,215,247,702553,unverified,70,Chinese,一个 人 在 把 搅拌 均匀 的 棉状 面团 舀 出来 。

QGJy1K91gP4,90,100,702553,unverified,34,Chinese,树木 被 风雨 吹 得 左右 摇摆 。

xxHx6s_DbUo,173,177,682611,clean,79,Chinese,一个 空手道 男子 在 椅子 之间 砍 了 一 排 木板 。

2YhDTpzxd3c,98,101,682611,clean,119,Chinese,两 个 男人 把 一 块 木头 扔 到 一个 男人 的 腹部 ， 他 站 在 那里 举起 双臂 。

1dA1RQgPN3c,72,82,682611,clean,94,Chinese,一个 女人 在 床单 上 画 鬼脸 。

l_AVz90c4jQ,22,43,702553,unverified,22,Chinese,一个 人 在 把 番茄 切块 。

27hs9W89FuI,0,10,682611,clean,64,Chinese,两 个 队 正在 踢 足球 ， 蓝 队 进 了 三 个 球 。

3Da8WdYYoOk,5,20,702553,unverified,43,Chinese,一个 警员 在 记者 招待会 上 發言 。

xxHx6s_DbUo,121,128,682611,clean,98,Chinese,一个 趴 在 人行道 上 的 人 可以 让 汽车 轮胎 翻过 他 的 手 。

74tRCYS_534,49,57,702553,unverified,41,Chinese,一个 人 手里 抓 著 一 条 鱼 走过 草堆 。

Els1Cclg_sk,4,15,682611,clean,73,Chinese,有人 抬 起 一 辆 蓝色 汽车 的 后部 ， 然后 把 它 掉 下来 。

pFSoWsocv0g,8,17,682611,clean,73,Chinese,一 只 狗 和 一 只 小 狗 在 一起 玩耍 。

IiTzJQE67FA,36,46,702553,unverified,39,Chinese,一个 人 站 在 高处 演说 。

ScdUht-pM6s,53,63,159786,clean,82,Chinese,厨师 准备 生禽肉 。

r2PM0om2El8,18,25,252681,clean,30,Chinese,两 个 穿着 老式 衣服 的 女人 在 花园 里 散步 。

W6_XuNhgtrM,2,5,702553,unverified,52,Chinese,一 位 摩托 骑士 掉落 沙地 上 。

klFyrnrUSck,87,100,702553,unverified,25,Chinese,一个 女人 把 肉 排放 进 锅 里 去 炸 。

FOOM-wA2rOY,77,86,682611,clean,96,Chinese,一个 男人 抓住 一个 女人 ， 把 她 拽 到 地上 ， 似乎 戳 了 她 一下 。

onW5hJXnI5s,126,133,169605,clean,45,Chinese,一 匹 马 倒 了 下来 。

v-9Gx0gJmfo,26,32,682611,clean,76,Chinese,一个 女人 正 在 水下 游泳 。

uZEGu-TA2cU,42,58,702553,unverified,72,Chinese,一 個 驢子臉 的 人 騎腳 踏車 走過 街道 。

hJFBXHtxKIc,118,123,682611,clean,60,Chinese,有人 把 瓶子 里 的 油倒 进 锅 里 。

6ZhKOK08tgM,45,49,682611,clean,99,Chinese,三 个 年轻人 跑 ， 跳 ， 踢 掉 一个 可乐机 。

jTaLGh_MKCM,5,20,702553,unverified,33,Chinese,一个 人 在 对 着 镜头 说话 。

hJuqBDw_TT4,14,25,682611,clean,140,Chinese,一个 女人 坐 在 游泳池 边上 ， 一 只 黑色 的 手臂 伸 了 上来 ， 把 她 拖 进 游泳池 。

jvxUeT1Nlb8,100,115,510157,unverified,72,Chinese,將蛋液 倒入 鍋 中 煎 ， 關掉 火後 拿 起

PJnJMp2ZpbA,3,15,550906,clean,55,Chinese,一个 小 男孩 围 着 他 弟弟 跳舞 。

pzq5fPfsPZg,51,57,682611,clean,55,Chinese,一个 女人 抱 着 一个 小 男孩 ， 然后 把 他 放在 地板 上 。

MMnnqzOoMF0,68,72,682611,clean,77,Chinese,一个 女孩 把 野餐 像 桌子 一样 放在 一边 ， 一个 男孩 把 它 移 回去 。

rnawC5C8gSI,82,90,550906,clean,29,Chinese,躲 在 滑板 后面 的 小孩

FHwC2THZJfA,0,10,682611,clean,66,Chinese,一 只 浣熊 似的 动物 悬挂 在 悬挂 在 天花板 上 的 两 根 绳子 上 。

Kf8oZGHDTt4,4,13,550906,clean,40,Chinese,岩石 和 阿波罗 在 沙滩 上 慢跑 。

bQJQGoJF7_k,162,169,651813,clean,15,Chinese,一个 人 正在 装满 肉 的 袋子 。

PxygpGLKEps,410,420,181773,clean,26,Chinese,几 名 女 警察 正在 唱 卡拉 OK 。

vMoOpQQy6sI,22,55,760882,clean,30,Chinese,两 个 女孩 在 跳舞 。

EjAoBKagWQA,132,145,777366,unverified,319,Chinese,两 个 机器人 在 拥吻 。

IhwPQL9dFYc,143,147,682611,clean,248,Chinese,一个 女人 从 一个 小 玻璃 碗 里 倒入 一个 锅状 锅子 里 的 油 。

BVy9SQI5R68,0,7,550906,clean,33,Chinese,一个 躺 在 它 背 上 的 婴儿 在 哭 。

QVSt5USMkMg,43,50,682611,clean,154,Chinese,一个 女人 似乎 在 喂养 一 只 大 耳朵 长 的 动物 ， 而 另 一个 女人 一边 说话 一边 看 着 它们 。

Sude_yGIbJI,18,67,760882,clean,37,Chinese,一个 人 做 魔术 卡片 戏法 。

DLcuZ-HnHZc,0,10,550906,clean,38,Chinese,一个 女人 在 外面 抚养 一 只 袋鼠 。

fEsrO_poIUg,161,168,682611,clean,292,Chinese,一个 人 把 一 把 大刀 的 尖端 插 入 虎钳 中 ， 然后 把 刀子 朝 他 拉 去 ， 然后 取出 刀 ， 似乎 在 检查 刀刃 的 直线度 。

YmXCfQm0_CA,50,57,682611,clean,56,Chinese,两 个 男人 正 推 着 木车 穿过 树林 。

_JVxurtGIhI,32,42,550906,clean,25,Chinese,一个 女人 在 舞台 上 唱歌 。

xxHx6s_DbUo,202,207,682611,clean,113,Chinese,一个 男人 在 几 个 人 注视 的 时候 拳击 和 踢球 。

z3v8BMNdDvo,1,13,702553,unverified,103,Chinese,小 猫 抓 著 风扇 的 绳子 随着 风扇 转动 。

yd8jh9QYfEs,4,10,682611,clean,129,Chinese,两 个 女人 从 出租车 里 出来 。

cSDkshD2ME0,12,15,682611,clean,86,Chinese,有人 在 岩石 后面 射 杀 一个 骑马 的 人 。

-_hbPLsZvvo,19,26,651813,clean,23,Chinese,一个 女人 正在 切 蔬菜 。

seTkGZlEU64,81,110,510157,unverified,37,Chinese,將 食材 用 刀切 小 塊

LacBy2NT3YQ,12,17,992484,unverified,76,Chinese,犀牛 散步 。

P2WM91LENgk,40,50,682611,clean,85,Chinese,一个 男人 坐 着 ， 对 着 麦克风 唱歌 ， 弹 吉他 。

f9Won2JpOEU,60,80,550906,clean,28,Chinese,一 只 猫 躺 下 舔 它 的 爪子 。

IiTzJQE67FA,74,86,651813,clean,24,Chinese,一个 男人 在 弹 吉他 。

g1Gldu1KS44,8,14,682611,clean,84,Chinese,一 只 小象 正在 走动 ， 把 它 的 树干 缠绕 在 一 片 叶子 茂密 的 绿色植物 上 。

tIMDKdMnNYM,266,273,280252,clean,170,Chinese,一个 女孩 用 刷子 在 脸颊 和 前额 上 化妆 。

YmXCfQm0_CA,277,284,682611,clean,70,Chinese,一 条 蛇 在 树叶 上 爬行 。

J---aiyznGQ,0,6,760882,clean,15,Chinese,一 只 猫 在 弹 钢琴 。

Kqb-mmkEWqU,1,5,922727,clean,41,Chinese,一个 男孩 正在 踢球 。

_1vy2HIN60A,32,40,702553,unverified,86,Chinese,一个 女生 把 小袋鼠 装 进 袋子 里 。

JAFGw0WRHHU,108,116,682611,clean,127,Chinese,一个 跪 在 旁边 的 女人 躺 在 地板 上 ， 在 她 说话 的 时候 一直 拍 着 她 。

JpjAgSvr42k,0,12,702553,unverified,42,Chinese,一个 小孩 抱 着 毛娃娃 。

_WRC7HXBJpU,395,401,411294,clean,18,Chinese,那个 人 正在 平底锅 里 搅米饭 。

GyIs9B3A1Z0,0,7,550906,clean,18,Chinese,两 个 人 在 泳池 里 赛跑

4MjTb5A68VA,111,118,682611,clean,53,Chinese,一个 女人 在 田野 里 跑 ， 放 风筝 。

G6w6kO8UPyg,31,41,682611,clean,52,Chinese,一 只 大 狗 正在 开车 。

TxzxPyfsSxY,0,10,702553,unverified,39,Chinese,一 只 花豹 正在 追逐 猎物 。

MWvCcwTw7Ac,154,181,550906,clean,38,Chinese,咬 在 罐子 上 的 狗 。

0lh_UWF9ZP4,82,87,682611,clean,74,Chinese,一个 女人 正在 用 玻璃丝 搅 打 鸡蛋 和 香料 。

idRc_KkInds,0,6,682611,clean,57,Chinese,有人 抱 着 一 只 小 老虎 。

VxM96IYzw0Q,2,15,702553,unverified,41,Chinese,一 架 飞机 在 天上 盘旋 。

MoqC84sXu88,47,59,702553,unverified,38,Chinese,一个 人 在 绳子 上 走路 。

HDcIB1e9s5A,28,34,682611,clean,61,Chinese,一个 男人 和 一个 女人 正 在 田野 里 跳舞 。

NbOlG7THecM,25,34,682611,clean,157,Chinese,有人 正在 用 带 锯切割 一 块 矩形 木头 。

RJNBxdDQOw4,13,26,550906,clean,78,Chinese,一 只 小 猫 喝 牛奶 。

8MVo7fje_oE,85,90,682611,clean,73,Chinese,有人 把 玻璃罐 里 的 水倒 进 一个 矩形 的 塑料 容器 里 。

fgWFxFg7-GU,10,26,550906,clean,36,Chinese,在 长凳 上 弹 吉他 的 人 。

_UqnTFs1BLc,23,27,702553,unverified,18,Chinese,一个 小 女生 正 在 喝 水 。

nq4hG6qgyPs,240,251,702553,unverified,50,Chinese,一个 人 正在 把 洋葱 切片 。

cCmnN96zIeQ,14,24,135621,clean,186,Chinese,一个 跪 在 板凳 前 的 男孩 ， 他 的 手臂 和 身体 有 节奏 地 移动 ， 然后 他 开始 在 凳子 上 跳舞 。

xXlWsBhFvis,6,10,702553,unverified,27,Chinese,一个 很 胖 的 女生 在 做 体操 。

hWhKdXcqYeU,3,12,550906,clean,48,Chinese,一个 男孩 从 树 屋 出来 。

b_BuSVZwq6M,1,9,550906,clean,34,Chinese,一个 人 在 板球 比赛 中 表现 得 很 好 。

xPR0xFgCAZY,17,27,682611,clean,40,Chinese,有人 在 用 刀子 切开 一个 绿色 西红柿 。

rq2p5ML8-WI,63,69,702553,unverified,38,Chinese,一 对 印度 男女 在 进行 结婚 仪式 。

PBHZtoygOYg,450,465,297776,clean,35,Chinese,一个 人 瞄准 并 发射 步枪 。

XNV7hKVu-Xg,40,47,682611,clean,220,Chinese,几 名 男性 骑马 ， 当 场景 闪烁 到 两 名 男子 驾驶 马车 ， 然后 回到 三 的 骑兵 。

-t-ZWaJeH-o,0,15,550906,clean,42,Chinese,两 个 女人 在 录音室 唱歌 。

xgIIcPSh4EU,0,6,702553,unverified,28,Chinese,一 架 游艇 行驶 在 海上 。

GY5Dl00LrEI,2,13,297776,clean,41,Chinese,一个 女人 开枪 。

-uT_1VDvXok,8,15,682611,clean,58,Chinese,一 只 小 犀牛 正 走 在 一 只 成年 犀牛 的 后面 。

ptHkvYrH9fY,2,10,550906,clean,18,Chinese,吹 笛子 的 人 。

Ted3imMggC0,48,58,295615,clean,70,Chinese,一个 女人 用 手 把 头发 涂 到 头发 上 。

hGmsx2P1qHw,95,100,702553,unverified,36,Chinese,稻农 们 正在 收成 。

K6xy6C-Hsa0,2,28,878566,clean,37,Chinese,一个 男人 很快 地 切开 了 一 排 蘑菇 。

2F9jX7u5nOg,83,97,702553,unverified,45,Chinese,一个 女生 骑 着 马 跑 过来 。

9eJPVpoOtOs,115,130,550906,clean,27,Chinese,一个 人 正在 切 土豆 。

PAm82v0AMFc,5,10,682611,clean,65,Chinese,有人 骑 着 白马 。

4QdX5Q3qQsQ,38,44,682611,clean,79,Chinese,一个 男人 在 唱歌 跳舞 ， 一个 女人 转 过 身 来 看 着 他 。

6t0BpjwYKco,179,183,682611,clean,90,Chinese,一个 女人 把 洋葱 在 炖 锅 里 搅 成 炖肉状 的 混合物 。

jcIrD7rNvTM,10,21,550906,clean,46,Chinese,三 条 腿 的 罗特韦勒 走 到 外面 。

aeA-HN7BMdo,16,33,702553,unverified,127,Chinese,一个 女人 在 把 食材 切 好 。

JIoiUNOXGaI,8,13,682611,clean,62,Chinese,一个 女人 背着 一个 巨大 的 塑料袋 。

dP15zlyra3c,0,10,682611,clean,69,Chinese,一 只 狐狸 正 在 雪 地 里 慢慢 地 走 着 。

VahnQw2gTQY,274,280,760882,clean,35,Chinese,一个 人 切 面包 。

dQmaVQZz7EE,1,18,702553,unverified,26,Chinese,一个 小孩 在 弹 电子 吉他 。

QA_JTtM1hKA,5,15,155632,clean,23,Chinese,一个 家伙 在 弹电吉他 。

5U3xz9Ovmhk,99,105,682611,clean,68,Chinese,一个 人 正在 切碎 一 种 绿色 的 物质 。

57C93mpt6Xo,358,368,682611,clean,63,Chinese,一 位 女士 正在 用 刷子 涂 腮红 或 粉 。

Lz-2QTNp5O8,6,16,682611,clean,56,Chinese,一个 年轻 女子 正在 演奏 一 把 声吉他 。

bkazguPsusc,74,85,550906,clean,320,Chinese,一 只 猫 在 沙发 下面 滑动 。

wLUH7qA_6sA,90,115,702553,unverified,58,Chinese,一 台 潜水艇 在 水底 发射 导弹 。

cWOPC2kt_IA,8,16,651813,clean,201,Chinese,一 只 动物 在 四处 嗅嗅 。

zYcY4mjLpxU,104,118,760882,clean,21,Chinese,孩子 们 在 吃 东西 。

QklHhN8pQBE,0,10,155632,clean,17,Chinese,一个 男人 在 唱歌 。

gtIz1u8g1F0,3,13,702553,unverified,33,Chinese,小象 跟 著 大象 在 走路 。

nb12bAaKzvA,0,10,682611,clean,72,Chinese,一 只 浣熊 似的 动物 在 抓 着 橘子 吃 东西 。

8PQiaurIiDM,143,151,682611,clean,64,Chinese,一个 人 用 剑 把 棕色 靴子 的 脚趾 剪 掉 。

8BL9qmFRbd4,6,13,702553,unverified,33,Chinese,一 对 男女 提 着 行李 走 进来 。

cSDkshD2ME0,11,14,682611,clean,78,Chinese,一个 岩石 后面 的 人 用 步枪 射杀 了 一个 骑马 的 人 ， 被 枪击 的 人 在 马 身上 猛跌 。

D1tTBncIsm8,725,740,682611,clean,184,Chinese,一个 男人 把 足球 踢 进 一个 球门 ， 一个 足球 击落 了 一 架 照相机 和 三脚架 ， 几乎 没有 人 从 后面 跳 出来 。

9HDUADeA2xg,3,31,777366,unverified,144,Chinese,一 只 小 狗 在 玩 球 。

BiVJel79edY,223,240,651813,clean,24,Chinese,一个 男人 在 跳舞 。

nV3Wv8iHp4U,0,38,702553,unverified,70,Chinese,一 只 穿 裙子 的 小狗 在 沙發 上 玩耍 。

6t0BpjwYKco,15,31,682611,clean,72,Chinese,一个 女人 把 洋葱 切 成 两 半 ， 然后 切 成 小 块 。

omGWjiwxcTE,18,23,702553,unverified,36,Chinese,拳击 选手 被 对手 甩 在 地上 攻击 。

NaX51emUDn4,0,20,550906,clean,36,Chinese,猫 盯 着 盛 满 水 的 碟子 。

ao-9B8IV9_E,87,95,682611,clean,46,Chinese,一 只 鹅 追赶 一个 人 ， 咬 它 的 屁股 。

gWRRHV7DLV0,21,31,682611,clean,124,Chinese,一个 人 在 堆 三 个 南瓜 时 说话 。

PHDmVhShE80,82,86,682611,clean,56,Chinese,一个 女人 把 鸡蛋 打 进 碗 里 ， 用 金属 丝 搅 打 。

e3XkmpNcSt4,8,19,702553,unverified,31,Chinese,一个 人 在 操控 滑鼠 点击 电脑 文件 。

2F9jX7u5nOg,114,130,135621,clean,439,Chinese,一个 女人 正 沿着 一 条 泥泞 的 道路 奔 向 一 匹 马 。

ACOmKiJDkA4,49,54,760882,clean,32,Chinese,一个 人 正在 劈葱 。

xtbsD3PUua4,174,185,702553,unverified,27,Chinese,一个 人 在 切 芒果 。

AjZ-R3LFMzo,5,10,252681,clean,20,Chinese,一个 骑 摩托车 的 人 在 做 特技 表演 。

nlU3crMsbWI,19,23,702553,unverified,43,Chinese,一个 人 正在 画 树 。

aC-KOYQsIvU,25,31,682611,clean,76,Chinese,有人 用 平底锅 搅 着 什么 东西 ， 好像 是 一 根 棍子 。

fvBs0xpEZhQ,10,30,682611,clean,115,Chinese,一个 男人 在 办公室 里 ， 把 一个 小 球 从 他 的 脚 和 头 上 掷 下来 。

504gE1DA_4g,1,6,702553,unverified,21,Chinese,一 只 小白兔 在 床 上 。

bL_Kijz9IN4,0,15,649657,unverified,111,Chinese,一个 女孩 在 切大蒜 。

6KS8R3RxrV8,0,23,702553,unverified,34,Chinese,一 只 狗 正在 看 顾 柜台 。

gHzws6FpuNE,10,12,702553,unverified,48,Chinese,一 辆 车牌 AYF137 的 白色 车子 正在 行驶 。
